{"cameraMode":{"drawMode":0,"name":"Shaded","section":"Shading Mode"},"sceneLighting":true,"audioPlay":false,"sceneViewState":{"m_AlwaysRefresh":false,"showFog":true,"showSkybox":true,"showFlares":true,"showImageEffects":true,"showParticleSystems":true,"showVisualEffectGraphs":true,"m_FxEnabled":true},"in2DMode":false,"pivot":{"x":-3.7380597591400148,"y":62.20121383666992,"z":2.14727783203125},"rotation":{"x":-0.16377755999565125,"y":0.6887001395225525,"z":-0.16414257884025575,"w":-0.6869944334030151},"size":0.0019598703365772964,"orthographic":false}